Name,Key,Side,Type,Scale,Decay,Half Life (Hours),Emission Rate (Daily)
BUY-FIXED,,BUY,FIXED,,0,,
SELL-FIXED,,SELL,FIXED,,0,,
BUY-GDA-1.001387162-8022,BUY-GDA-1.001387162-8022,BUY,GDA,1.001387162,0.000008022,24,500
BUY-GDA-1.013958539-8022,BUY-GDA-1.013958539-8022,BUY,GDA,1.013958539,0.000008022,24,50
BUY-GDA-1.148687699-8022,BUY-GDA-1.148687699-8022,BUY,GDA,1.148687699,0.000008022,24,5